<?xml version="1.0" encoding="utf-8"?>
<annotation>
<folder>images</folder>
<filename>2712d860-car13_try2_photo_949.jpg</filename>
<source>
<database>MyDatabase</database>
<annotation>COCO2017</annotation>
<image>flickr</image>
<flickrid>NULL</flickrid>
<annotator>1</annotator>
</source>
<owner>
<flickrid>NULL</flickrid>
<name>Label Studio</name>
</owner>
<size>
<width>640</width>
<height>480</height>
<depth>3</depth>
</size>
<segmented>0</segmented>
<object>
<name>Do Not Go Around</name>
<pose>Unspecified</pose>
<truncated>0</truncated>
<difficult>0</difficult>
<bndbox>
<xmin>256</xmin>
<ymin>190</ymin>
<xmax>282</xmax>
<ymax>206</ymax>
</bndbox>
</object>
</annotation>
