<?xml version="1.0" encoding="utf-8"?>
<annotation>
<folder>images</folder>
<filename>6b0dd134-car13_photo_898.jpg</filename>
<source>
<database>MyDatabase</database>
<annotation>COCO2017</annotation>
<image>flickr</image>
<flickrid>NULL</flickrid>
<annotator>1</annotator>
</source>
<owner>
<flickrid>NULL</flickrid>
<name>Label Studio</name>
</owner>
<size>
<width>640</width>
<height>480</height>
<depth>3</depth>
</size>
<segmented>0</segmented>
<object>
<name>Do Not Go Around</name>
<pose>Unspecified</pose>
<truncated>0</truncated>
<difficult>0</difficult>
<bndbox>
<xmin>100</xmin>
<ymin>108</ymin>
<xmax>194</xmax>
<ymax>161</ymax>
</bndbox>
</object>
</annotation>
