<?xml version="1.0" encoding="utf-8"?>
<annotation>
<folder>images</folder>
<filename>962f8a8f-car13_photo_314.jpg</filename>
<source>
<database>MyDatabase</database>
<annotation>COCO2017</annotation>
<image>flickr</image>
<flickrid>NULL</flickrid>
<annotator>1</annotator>
</source>
<owner>
<flickrid>NULL</flickrid>
<name>Label Studio</name>
</owner>
<size>
<width>640</width>
<height>480</height>
<depth>3</depth>
</size>
<segmented>0</segmented>
<object>
<name>Stop</name>
<pose>Unspecified</pose>
<truncated>0</truncated>
<difficult>0</difficult>
<bndbox>
<xmin>344</xmin>
<ymin>207</ymin>
<xmax>366</xmax>
<ymax>228</ymax>
</bndbox>
</object>
</annotation>
