<?xml version="1.0" encoding="utf-8"?>
<annotation>
<folder>images</folder>
<filename>bf1253c9-car13_try2_photo_1155.jpg</filename>
<source>
<database>MyDatabase</database>
<annotation>COCO2017</annotation>
<image>flickr</image>
<flickrid>NULL</flickrid>
<annotator>1</annotator>
</source>
<owner>
<flickrid>NULL</flickrid>
<name>Label Studio</name>
</owner>
<size>
<width>640</width>
<height>480</height>
<depth>3</depth>
</size>
<segmented>0</segmented>
<object>
<name>Yield</name>
<pose>Unspecified</pose>
<truncated>0</truncated>
<difficult>0</difficult>
<bndbox>
<xmin>292</xmin>
<ymin>122</ymin>
<xmax>501</xmax>
<ymax>297</ymax>
</bndbox>
</object>
</annotation>
