<?xml version="1.0" encoding="utf-8"?>
<annotation>
<folder>images</folder>
<filename>35c8a1ec-photo_car_203.jpg</filename>
<source>
<database>MyDatabase</database>
<annotation>COCO2017</annotation>
<image>flickr</image>
<flickrid>NULL</flickrid>
<annotator>1</annotator>
</source>
<owner>
<flickrid>NULL</flickrid>
<name>Label Studio</name>
</owner>
<size>
<width>640</width>
<height>480</height>
<depth>3</depth>
</size>
<segmented>0</segmented>
<object>
<name>Car</name>
<pose>Unspecified</pose>
<truncated>0</truncated>
<difficult>0</difficult>
<bndbox>
<xmin>47</xmin>
<ymin>167</ymin>
<xmax>206</xmax>
<ymax>292</ymax>
</bndbox>
</object>
</annotation>
